1000,0009,3.32,8,2018-1-1,8:00,8,0
1001,0009,6.23,8,2018-1-1,12:00,8,0
1002,0009,10.17,8,2018-1-1,17:00,9,0
1003,0009,32.24,7,2018-1-1,18:00,7,0
1004,0009,52.54,4,2018-1-1,21:00,4,0
1005,0009,2.31,8,2018-1-2,8:00,8,0
1006,0009,8.94,8,2018-1-2,12:00,8,0
1007,0009,8.47,8,2018-1-2,17:00,8,0
1008,0009,2.93,8,2018-1-3,8:00,8,0
1009,0009,8.70,8,2018-1-3,12:00,8,0
1010,0009,8.09,8,2018-1-3,17:00,8,0
1011,0009,629.49,6,2018-1-4,0:00,6,1
1012,0009,3.26,8,2018-1-4,8:00,8,0
1013,0009,4.84,8,2018-1-4,12:00,8,0
1014,0009,11.62,8,2018-1-4,17:00,9,0
1015,0009,32.24,7,2018-1-4,18:00,7,0
1016,0009,2.01,8,2018-1-5,8:00,8,0
1017,0009,5.38,8,2018-1-5,12:00,8,0
1018,0009,12.33,8,2018-1-5,17:00,9,0
1019,0009,2.90,8,2018-1-6,8:00,8,0
1020,0009,5.10,8,2018-1-6,12:00,8,0
1021,0009,11.72,8,2018-1-6,17:00,9,0
1022,0009,52.54,4,2018-1-6,21:00,4,0
1023,0009,5.30,8,2018-1-7,8:00,8,0
1024,0009,6.68,8,2018-1-7,12:00,8,0
1025,0009,7.74,8,2018-1-7,17:00,8,0
1026,0009,32.24,7,2018-1-7,18:00,7,0
1027,0009,492.61,5,2018-1-8,0:00,5,1
1028,0009,2.80,8,2018-1-8,8:00,8,0
1029,0009,5.23,8,2018-1-8,12:00,8,0
1030,0009,11.69,8,2018-1-8,17:00,9,0
1031,0009,2.58,8,2018-1-9,8:00,8,0
1032,0009,7.11,8,2018-1-9,12:00,8,0
1033,0009,10.03,8,2018-1-9,17:00,9,0
1034,0009,3.48,8,2018-1-10,8:00,8,0
1035,0009,5.08,8,2018-1-10,12:00,8,0
1036,0009,11.16,8,2018-1-10,17:00,9,0
1037,0009,32.24,7,2018-1-10,18:00,7,0
1038,0009,311.25,2,2018-1-10,19:00,2,0
1039,0009,330.22,3,2018-1-11,0:00,3,1
1040,0009,3.43,8,2018-1-11,8:00,8,0
1041,0009,5.98,8,2018-1-11,12:00,8,0
1042,0009,10.31,8,2018-1-11,17:00,9,0
1043,0009,52.54,4,2018-1-11,21:00,4,0
1044,0009,2.92,8,2018-1-12,8:00,8,0
1045,0009,7.05,8,2018-1-12,12:00,8,0
1046,0009,9.75,8,2018-1-12,17:00,8,0
1047,0009,4.31,8,2018-1-13,8:00,8,0
1048,0009,6.60,8,2018-1-13,12:00,8,0
1049,0009,8.81,8,2018-1-13,17:00,8,0
1050,0009,32.24,7,2018-1-13,18:00,7,0
1051,0009,4.56,8,2018-1-14,8:00,8,0
1052,0009,4.93,8,2018-1-14,12:00,8,0
1053,0009,10.23,8,2018-1-14,17:00,9,0
1054,0009,2.09,8,2018-1-15,8:00,8,0
1055,0009,7.07,8,2018-1-15,12:00,8,0
1056,0009,10.56,8,2018-1-15,17:00,9,0
1057,0009,1.74,8,2018-1-16,8:00,8,0
1058,0009,5.31,8,2018-1-16,12:00,8,0
1059,0009,12.67,8,2018-1-16,17:00,9,0
1060,0009,32.24,7,2018-1-16,18:00,7,0
1061,0009,52.54,4,2018-1-16,21:00,4,0
1062,0009,4.17,8,2018-1-17,8:00,8,0
1063,0009,8.87,8,2018-1-17,12:00,8,0
1064,0009,6.68,8,2018-1-17,17:00,8,0
1065,0009,3.69,8,2018-1-18,8:00,8,0
1066,0009,8.07,8,2018-1-18,12:00,8,0
1067,0009,7.96,8,2018-1-18,17:00,8,0
1068,0009,1.84,8,2018-1-19,8:00,8,0
1069,0009,7.63,8,2018-1-19,12:00,8,0
1070,0009,10.25,8,2018-1-19,17:00,9,0
1071,0009,32.24,7,2018-1-19,18:00,7,0
1072,0009,4.08,8,2018-1-20,8:00,8,0
1073,0009,6.84,8,2018-1-20,12:00,8,0
1074,0009,8.80,8,2018-1-20,17:00,8,0
1075,0009,4.41,8,2018-1-21,8:00,8,0
1076,0009,6.63,8,2018-1-21,12:00,8,0
1077,0009,8.68,8,2018-1-21,17:00,8,0
1078,0009,52.54,4,2018-1-21,21:00,4,0
1079,0009,3.66,8,2018-1-22,8:00,8,0
1080,0009,4.73,8,2018-1-22,12:00,8,0
1081,0009,11.33,8,2018-1-22,17:00,9,0
1082,0009,32.24,7,2018-1-22,18:00,7,0
1083,0009,4.01,8,2018-1-23,8:00,8,0
1084,0009,4.74,8,2018-1-23,12:00,8,0
1085,0009,10.97,8,2018-1-23,17:00,9,0
1086,0009,2.90,8,2018-1-24,8:00,8,0
1087,0009,7.26,8,2018-1-24,12:00,8,0
1088,0009,9.56,8,2018-1-24,17:00,8,0
1089,0009,3.00,8,2018-1-25,8:00,8,0
1090,0009,6.34,8,2018-1-25,12:00,8,0
1091,0009,10.38,8,2018-1-25,17:00,9,0
1092,0009,32.24,7,2018-1-25,18:00,7,0
1093,0009,4.99,8,2018-1-26,8:00,8,0
1094,0009,3.42,8,2018-1-26,12:00,8,0
1095,0009,11.31,8,2018-1-26,17:00,9,0
1096,0009,52.54,4,2018-1-26,21:00,4,0
1097,0009,3.10,8,2018-1-27,8:00,8,0
1098,0009,7.97,8,2018-1-27,12:00,8,0
1099,0009,8.65,8,2018-1-27,17:00,8,0
1100,0009,3.60,8,2018-1-28,8:00,8,0
1101,0009,5.76,8,2018-1-28,12:00,8,0
1102,0009,10.36,8,2018-1-28,17:00,9,0
1103,0009,32.24,7,2018-1-28,18:00,7,0
1104,0009,4.68,8,2018-1-29,8:00,8,0
1105,0009,6.40,8,2018-1-29,12:00,8,0
1106,0009,8.64,8,2018-1-29,17:00,8,0
1107,0009,2.36,8,2018-1-30,8:00,8,0
1108,0009,5.08,8,2018-1-30,12:00,8,0
1109,0009,12.28,8,2018-1-30,17:00,9,0
1110,0009,1.97,8,2018-1-31,8:00,8,0
1111,0009,8.28,8,2018-1-31,12:00,8,0
1112,0009,9.47,8,2018-1-31,17:00,8,0
1113,0009,32.24,7,2018-1-31,18:00,7,0
1114,0009,52.54,4,2018-1-31,21:00,4,0
1115,0009,4.50,8,2018-2-1,8:00,8,0
1116,0009,5.01,8,2018-2-1,12:00,8,0
1117,0009,10.21,8,2018-2-1,17:00,9,0
1118,0009,32.24,7,2018-2-1,18:00,7,0
1119,0009,52.54,4,2018-2-1,21:00,4,0
1120,0009,4.89,8,2018-2-2,8:00,8,0
1121,0009,6.63,8,2018-2-2,12:00,8,0
1122,0009,8.20,8,2018-2-2,17:00,8,0
1123,0009,4.83,8,2018-2-3,8:00,8,0
1124,0009,6.16,8,2018-2-3,12:00,8,0
1125,0009,8.73,8,2018-2-3,17:00,8,0
1126,0009,629.49,6,2018-2-4,0:00,6,1
1127,0009,2.40,8,2018-2-4,8:00,8,0
1128,0009,7.70,8,2018-2-4,12:00,8,0
1129,0009,9.62,8,2018-2-4,17:00,8,0
1130,0009,32.24,7,2018-2-4,18:00,7,0
1131,0009,3.06,8,2018-2-5,8:00,8,0
1132,0009,8.50,8,2018-2-5,12:00,8,0
1133,0009,8.16,8,2018-2-5,17:00,8,0
1134,0009,3.16,8,2018-2-6,8:00,8,0
1135,0009,8.21,8,2018-2-6,12:00,8,0
1136,0009,8.35,8,2018-2-6,17:00,8,0
1137,0009,52.54,4,2018-2-6,21:00,4,0
1138,0009,3.62,8,2018-2-7,8:00,8,0
1139,0009,5.41,8,2018-2-7,12:00,8,0
1140,0009,10.69,8,2018-2-7,17:00,9,0
1141,0009,32.24,7,2018-2-7,18:00,7,0
1142,0009,492.61,5,2018-2-8,0:00,5,1
1143,0009,3.67,8,2018-2-8,8:00,8,0
1144,0009,4.00,8,2018-2-8,12:00,8,0
1145,0009,12.05,8,2018-2-8,17:00,9,0
1146,0009,2.63,8,2018-2-9,8:00,8,0
1147,0009,8.11,8,2018-2-9,12:00,8,0
1148,0009,8.98,8,2018-2-9,17:00,8,0
1149,0009,4.20,8,2018-2-10,8:00,8,0
1150,0009,7.67,8,2018-2-10,12:00,8,0
1151,0009,7.85,8,2018-2-10,17:00,8,0
1152,0009,32.24,7,2018-2-10,18:00,7,0
1153,0009,311.25,2,2018-2-10,19:00,2,0
1154,0009,330.22,3,2018-2-11,0:00,3,1
1155,0009,3.24,8,2018-2-11,8:00,8,0
1156,0009,4.77,8,2018-2-11,12:00,8,0
1157,0009,11.71,8,2018-2-11,17:00,9,0
1158,0009,52.54,4,2018-2-11,21:00,4,0
1159,0009,4.11,8,2018-2-12,8:00,8,0
1160,0009,4.59,8,2018-2-12,12:00,8,0
1161,0009,11.02,8,2018-2-12,17:00,9,0
1162,0009,3.27,8,2018-2-13,8:00,8,0
1163,0009,4.46,8,2018-2-13,12:00,8,0
1164,0009,11.99,8,2018-2-13,17:00,9,0
1165,0009,32.24,7,2018-2-13,18:00,7,0
1166,0009,1.98,8,2018-2-14,8:00,8,0
1167,0009,7.27,8,2018-2-14,12:00,8,0
1168,0009,10.47,8,2018-2-14,17:00,9,0
1169,0009,4.01,8,2018-2-15,8:00,8,0
1170,0009,6.03,8,2018-2-15,12:00,8,0
1171,0009,9.68,8,2018-2-15,17:00,8,0
1172,0009,2.48,8,2018-2-16,8:00,8,0
1173,0009,6.95,8,2018-2-16,12:00,8,0
1174,0009,10.29,8,2018-2-16,17:00,9,0
1175,0009,32.24,7,2018-2-16,18:00,7,0
1176,0009,52.54,4,2018-2-16,21:00,4,0
1177,0009,3.39,8,2018-2-17,8:00,8,0
1178,0009,8.15,8,2018-2-17,12:00,8,0
1179,0009,8.18,8,2018-2-17,17:00,8,0
1180,0009,1.91,8,2018-2-18,8:00,8,0
1181,0009,7.60,8,2018-2-18,12:00,8,0
1182,0009,10.21,8,2018-2-18,17:00,9,0
1183,0009,2.36,8,2018-2-19,8:00,8,0
1184,0009,6.16,8,2018-2-19,12:00,8,0
1185,0009,11.20,8,2018-2-19,17:00,9,0
1186,0009,32.24,7,2018-2-19,18:00,7,0
1187,0009,3.35,8,2018-2-20,8:00,8,0
1188,0009,6.74,8,2018-2-20,12:00,8,0
1189,0009,9.63,8,2018-2-20,17:00,8,0
1190,0009,3.16,8,2018-2-21,8:00,8,0
1191,0009,7.74,8,2018-2-21,12:00,8,0
1192,0009,8.82,8,2018-2-21,17:00,8,0
1193,0009,52.54,4,2018-2-21,21:00,4,0
1194,0009,4.25,8,2018-2-22,8:00,8,0
1195,0009,4.67,8,2018-2-22,12:00,8,0
1196,0009,10.80,8,2018-2-22,17:00,9,0
1197,0009,32.24,7,2018-2-22,18:00,7,0
1198,0009,3.66,8,2018-2-23,8:00,8,0
1199,0009,4.76,8,2018-2-23,12:00,8,0
1200,0009,11.30,8,2018-2-23,17:00,9,0
1201,0009,3.01,8,2018-2-24,8:00,8,0
1202,0009,4.85,8,2018-2-24,12:00,8,0
1203,0009,11.86,8,2018-2-24,17:00,9,0
1204,0009,1.88,8,2018-2-25,8:00,8,0
1205,0009,7.52,8,2018-2-25,12:00,8,0
1206,0009,10.32,8,2018-2-25,17:00,9,0
1207,0009,32.24,7,2018-2-25,18:00,7,0
1208,0009,5.03,8,2018-2-26,8:00,8,0
1209,0009,4.40,8,2018-2-26,12:00,8,0
1210,0009,10.29,8,2018-2-26,17:00,9,0
1211,0009,52.54,4,2018-2-26,21:00,4,0
1212,0009,2.00,8,2018-2-27,8:00,8,0
1213,0009,6.86,8,2018-2-27,12:00,8,0
1214,0009,10.86,8,2018-2-27,17:00,9,0
1215,0009,3.91,8,2018-2-28,8:00,8,0
1216,0009,5.81,8,2018-2-28,12:00,8,0
1217,0009,10.00,8,2018-2-28,17:00,8,0
1218,0009,32.24,7,2018-2-28,18:00,7,0
1219,0009,3866.980,0,2018-3-1,0:00,1,1
1220,0009,1.70,8,2018-3-1,8:00,8,0
1221,0009,7.77,8,2018-3-1,12:00,8,0
1222,0009,10.25,8,2018-3-1,17:00,9,0
1223,0009,32.24,7,2018-3-1,18:00,7,0
1224,0009,52.54,4,2018-3-1,21:00,4,0
1225,0009,3866.980,0,2018-3-2,0:00,1,1
1226,0009,4.56,8,2018-3-2,8:00,8,0
1227,0009,6.64,8,2018-3-2,12:00,8,0
1228,0009,8.52,8,2018-3-2,17:00,8,0
1229,0009,3866.980,0,2018-3-3,0:00,1,1
1230,0009,4.25,8,2018-3-3,8:00,8,0
1231,0009,4.28,8,2018-3-3,12:00,8,0
1232,0009,11.19,8,2018-3-3,17:00,9,0
1233,0009,3866.980,0,2018-3-4,0:00,1,1
1234,0009,629.49,6,2018-3-4,0:00,6,1
1235,0009,3.77,8,2018-3-4,8:00,8,0
1236,0009,6.28,8,2018-3-4,12:00,8,0
1237,0009,9.67,8,2018-3-4,17:00,8,0
1238,0009,32.24,7,2018-3-4,18:00,7,0
1239,0009,3866.980,0,2018-3-5,0:00,1,1
1240,0009,3.92,8,2018-3-5,8:00,8,0
1241,0009,4.38,8,2018-3-5,12:00,8,0
1242,0009,11.42,8,2018-3-5,17:00,9,0
1243,0009,3866.980,0,2018-3-6,0:00,1,1
1244,0009,4.47,8,2018-3-6,8:00,8,0
1245,0009,4.87,8,2018-3-6,12:00,8,0
1246,0009,10.38,8,2018-3-6,17:00,9,0
1247,0009,52.54,4,2018-3-6,21:00,4,0
1248,0009,3866.980,0,2018-3-7,0:00,1,1
1249,0009,2.60,8,2018-3-7,8:00,8,0
1250,0009,4.56,8,2018-3-7,12:00,8,0
1251,0009,12.56,8,2018-3-7,17:00,9,0
1252,0009,32.24,7,2018-3-7,18:00,7,0
1253,0009,3866.980,0,2018-3-8,0:00,1,1
1254,0009,492.61,5,2018-3-8,0:00,5,1
1255,0009,2.72,8,2018-3-8,8:00,8,0
1256,0009,4.54,8,2018-3-8,12:00,8,0
1257,0009,12.46,8,2018-3-8,17:00,9,0
1258,0009,3866.980,0,2018-3-9,0:00,1,1
1259,0009,2.81,8,2018-3-9,8:00,8,0
1260,0009,6.96,8,2018-3-9,12:00,8,0
1261,0009,9.95,8,2018-3-9,17:00,8,0
1262,0009,3866.980,0,2018-3-10,0:00,1,1
1263,0009,4.73,8,2018-3-10,8:00,8,0
1264,0009,4.38,8,2018-3-10,12:00,8,0
1265,0009,10.61,8,2018-3-10,17:00,9,0
1266,0009,32.24,7,2018-3-10,18:00,7,0
1267,0009,311.25,2,2018-3-10,19:00,2,0
1268,0009,3866.980,0,2018-3-11,0:00,1,1
1269,0009,330.22,3,2018-3-11,0:00,3,1
1270,0009,4.59,8,2018-3-11,8:00,8,0
1271,0009,6.34,8,2018-3-11,12:00,8,0
1272,0009,8.79,8,2018-3-11,17:00,8,0
1273,0009,52.54,4,2018-3-11,21:00,4,0
1274,0009,3866.980,0,2018-3-12,0:00,1,1
1275,0009,3.76,8,2018-3-12,8:00,8,0
1276,0009,4.45,8,2018-3-12,12:00,8,0
1277,0009,11.51,8,2018-3-12,17:00,9,0
1278,0009,3866.980,0,2018-3-13,0:00,1,1
1279,0009,4.47,8,2018-3-13,8:00,8,0
1280,0009,5.68,8,2018-3-13,12:00,8,0
1281,0009,9.57,8,2018-3-13,17:00,8,0
1282,0009,32.24,7,2018-3-13,18:00,7,0
1283,0009,3866.980,0,2018-3-14,0:00,1,1
1284,0009,3.18,8,2018-3-14,8:00,8,0
1285,0009,6.49,8,2018-3-14,12:00,8,0
1286,0009,10.05,8,2018-3-14,17:00,9,0
1287,0009,3866.980,0,2018-3-15,0:00,1,1
1288,0009,2.70,8,2018-3-15,8:00,8,0
1289,0009,6.74,8,2018-3-15,12:00,8,0
1290,0009,10.28,8,2018-3-15,17:00,9,0
1291,0009,3866.980,0,2018-3-16,0:00,1,1
1292,0009,4.46,8,2018-3-16,8:00,8,0
1293,0009,6.11,8,2018-3-16,12:00,8,0
1294,0009,9.15,8,2018-3-16,17:00,8,0
1295,0009,32.24,7,2018-3-16,18:00,7,0
1296,0009,52.54,4,2018-3-16,21:00,4,0
1297,0009,3866.980,0,2018-3-17,0:00,1,1
1298,0009,3.91,8,2018-3-17,8:00,8,0
1299,0009,5.10,8,2018-3-17,12:00,8,0
1300,0009,10.71,8,2018-3-17,17:00,9,0
1301,0009,3866.980,0,2018-3-18,0:00,1,1
1302,0009,4.64,8,2018-3-18,8:00,8,0
1303,0009,7.45,8,2018-3-18,12:00,8,0
1304,0009,7.63,8,2018-3-18,17:00,8,0
1305,0009,3866.980,0,2018-3-19,0:00,1,1
1306,0009,3.54,8,2018-3-19,8:00,8,0
1307,0009,5.04,8,2018-3-19,12:00,8,0
1308,0009,11.14,8,2018-3-19,17:00,9,0
1309,0009,32.24,7,2018-3-19,18:00,7,0
1310,0009,3866.980,0,2018-3-20,0:00,1,1
1311,0009,2.46,8,2018-3-20,8:00,8,0
1312,0009,5.97,8,2018-3-20,12:00,8,0
1313,0009,11.29,8,2018-3-20,17:00,9,0
1314,0009,3866.980,0,2018-3-21,0:00,1,1
1315,0009,3.81,8,2018-3-21,8:00,8,0
1316,0009,4.53,8,2018-3-21,12:00,8,0
1317,0009,11.38,8,2018-3-21,17:00,9,0
1318,0009,52.54,4,2018-3-21,21:00,4,0
1319,0009,3866.980,0,2018-3-22,0:00,1,1
1320,0009,3.08,8,2018-3-22,8:00,8,0
1321,0009,6.11,8,2018-3-22,12:00,8,0
1322,0009,10.53,8,2018-3-22,17:00,9,0
1323,0009,32.24,7,2018-3-22,18:00,7,0
1324,0009,3866.980,0,2018-3-23,0:00,1,1
1325,0009,3.44,8,2018-3-23,8:00,8,0
1326,0009,6.73,8,2018-3-23,12:00,8,0
1327,0009,9.55,8,2018-3-23,17:00,8,0
1328,0009,3866.980,0,2018-3-24,0:00,1,1
1329,0009,2.15,8,2018-3-24,8:00,8,0
1330,0009,7.19,8,2018-3-24,12:00,8,0
1331,0009,10.38,8,2018-3-24,17:00,9,0
1332,0009,3866.980,0,2018-3-25,0:00,1,1
1333,0009,3.86,8,2018-3-25,8:00,8,0
1334,0009,5.05,8,2018-3-25,12:00,8,0
1335,0009,10.81,8,2018-3-25,17:00,9,0
1336,0009,32.24,7,2018-3-25,18:00,7,0
1337,0009,3866.980,0,2018-3-26,0:00,1,1
1338,0009,3.03,8,2018-3-26,8:00,8,0
1339,0009,6.63,8,2018-3-26,12:00,8,0
1340,0009,10.06,8,2018-3-26,17:00,9,0
1341,0009,52.54,4,2018-3-26,21:00,4,0
1342,0009,3866.980,0,2018-3-27,0:00,1,1
1343,0009,1.77,8,2018-3-27,8:00,8,0
1344,0009,5.29,8,2018-3-27,12:00,8,0
1345,0009,12.66,8,2018-3-27,17:00,9,0
1346,0009,3866.980,0,2018-3-28,0:00,1,1
1347,0009,3.28,8,2018-3-28,8:00,8,0
1348,0009,7.89,8,2018-3-28,12:00,8,0
1349,0009,8.55,8,2018-3-28,17:00,8,0
1350,0009,32.24,7,2018-3-28,18:00,7,0
1351,0009,3866.980,0,2018-3-29,0:00,1,1
1352,0009,2.01,8,2018-3-29,8:00,8,0
1353,0009,8.76,8,2018-3-29,12:00,8,0
1354,0009,8.95,8,2018-3-29,17:00,8,0
1355,0009,3866.980,0,2018-3-30,0:00,1,1
1356,0009,2.16,8,2018-3-30,8:00,8,0
1357,0009,9.29,8,2018-3-30,12:00,8,0
1358,0009,8.27,8,2018-3-30,17:00,8,0
1359,0009,3866.980,0,2018-3-31,0:00,1,1
1360,0009,3.23,8,2018-3-31,8:00,8,0
1361,0009,4.21,8,2018-3-31,12:00,8,0
1362,0009,12.28,8,2018-3-31,17:00,9,0
1363,0009,32.24,7,2018-3-31,18:00,7,0
1364,0009,52.54,4,2018-3-31,21:00,4,0
1365,0009,2.75,8,2018-4-1,8:00,8,0
1366,0009,6.04,8,2018-4-1,12:00,8,0
1367,0009,10.93,8,2018-4-1,17:00,9,0
1368,0009,32.24,7,2018-4-1,18:00,7,0
1369,0009,52.54,4,2018-4-1,21:00,4,0
1370,0009,1.63,8,2018-4-2,8:00,8,0
1371,0009,7.00,8,2018-4-2,12:00,8,0
1372,0009,11.09,8,2018-4-2,17:00,9,0
1373,0009,4.31,8,2018-4-3,8:00,8,0
1374,0009,6.69,8,2018-4-3,12:00,8,0
1375,0009,8.72,8,2018-4-3,17:00,8,0
1376,0009,629.49,6,2018-4-4,0:00,6,1
1377,0009,2.80,8,2018-4-4,8:00,8,0
1378,0009,8.54,8,2018-4-4,12:00,8,0
1379,0009,8.38,8,2018-4-4,17:00,8,0
1380,0009,32.24,7,2018-4-4,18:00,7,0
1381,0009,1.85,8,2018-4-5,8:00,8,0
1382,0009,6.22,8,2018-4-5,12:00,8,0
1383,0009,11.65,8,2018-4-5,17:00,9,0
1384,0009,3.10,8,2018-4-6,8:00,8,0
1385,0009,5.50,8,2018-4-6,12:00,8,0
1386,0009,11.12,8,2018-4-6,17:00,9,0
1387,0009,52.54,4,2018-4-6,21:00,4,0
1388,0009,4.60,8,2018-4-7,8:00,8,0
1389,0009,4.49,8,2018-4-7,12:00,8,0
1390,0009,10.63,8,2018-4-7,17:00,9,0
1391,0009,32.24,7,2018-4-7,18:00,7,0
1392,0009,492.61,5,2018-4-8,0:00,5,1
1393,0009,3.56,8,2018-4-8,8:00,8,0
1394,0009,4.83,8,2018-4-8,12:00,8,0
1395,0009,11.33,8,2018-4-8,17:00,9,0
1396,0009,5.50,8,2018-4-9,8:00,8,0
1397,0009,6.08,8,2018-4-9,12:00,8,0
1398,0009,8.14,8,2018-4-9,17:00,8,0
1399,0009,4.48,8,2018-4-10,8:00,8,0
1400,0009,5.20,8,2018-4-10,12:00,8,0
1401,0009,10.04,8,2018-4-10,17:00,9,0
1402,0009,32.24,7,2018-4-10,18:00,7,0
1403,0009,311.25,2,2018-4-10,19:00,2,0
1404,0009,330.22,3,2018-4-11,0:00,3,1
1405,0009,4.76,8,2018-4-11,8:00,8,0
1406,0009,3.79,8,2018-4-11,12:00,8,0
1407,0009,11.17,8,2018-4-11,17:00,9,0
1408,0009,52.54,4,2018-4-11,21:00,4,0
1409,0009,4.30,8,2018-4-12,8:00,8,0
1410,0009,3.89,8,2018-4-12,12:00,8,0
1411,0009,11.53,8,2018-4-12,17:00,9,0
1412,0009,4.16,8,2018-4-13,8:00,8,0
1413,0009,6.48,8,2018-4-13,12:00,8,0
1414,0009,9.08,8,2018-4-13,17:00,8,0
1415,0009,32.24,7,2018-4-13,18:00,7,0
1416,0009,1.91,8,2018-4-14,8:00,8,0
1417,0009,6.69,8,2018-4-14,12:00,8,0
1418,0009,11.12,8,2018-4-14,17:00,9,0
1419,0009,2.44,8,2018-4-15,8:00,8,0
1420,0009,7.50,8,2018-4-15,12:00,8,0
1421,0009,9.78,8,2018-4-15,17:00,8,0
1422,0009,3.34,8,2018-4-16,8:00,8,0
1423,0009,5.24,8,2018-4-16,12:00,8,0
1424,0009,11.14,8,2018-4-16,17:00,9,0
1425,0009,32.24,7,2018-4-16,18:00,7,0
1426,0009,52.54,4,2018-4-16,21:00,4,0
1427,0009,2.13,8,2018-4-17,8:00,8,0
1428,0009,4.72,8,2018-4-17,12:00,8,0
1429,0009,12.87,8,2018-4-17,17:00,9,0
1430,0009,4.61,8,2018-4-18,8:00,8,0
1431,0009,4.40,8,2018-4-18,12:00,8,0
1432,0009,10.71,8,2018-4-18,17:00,9,0
1433,0009,2.46,8,2018-4-19,8:00,8,0
1434,0009,7.34,8,2018-4-19,12:00,8,0
1435,0009,9.92,8,2018-4-19,17:00,8,0
1436,0009,32.24,7,2018-4-19,18:00,7,0
1437,0009,4.34,8,2018-4-20,8:00,8,0
1438,0009,5.64,8,2018-4-20,12:00,8,0
1439,0009,9.74,8,2018-4-20,17:00,8,0
1440,0009,2.02,8,2018-4-21,8:00,8,0
1441,0009,7.38,8,2018-4-21,12:00,8,0
1442,0009,10.32,8,2018-4-21,17:00,9,0
1443,0009,52.54,4,2018-4-21,21:00,4,0
1444,0009,3.15,8,2018-4-22,8:00,8,0
1445,0009,5.48,8,2018-4-22,12:00,8,0
1446,0009,11.09,8,2018-4-22,17:00,9,0
1447,0009,32.24,7,2018-4-22,18:00,7,0
1448,0009,4.21,8,2018-4-23,8:00,8,0
1449,0009,6.56,8,2018-4-23,12:00,8,0
1450,0009,8.95,8,2018-4-23,17:00,8,0
1451,0009,2.44,8,2018-4-24,8:00,8,0
1452,0009,6.02,8,2018-4-24,12:00,8,0
1453,0009,11.26,8,2018-4-24,17:00,9,0
1454,0009,2.40,8,2018-4-25,8:00,8,0
1455,0009,10.00,8,2018-4-25,12:00,8,0
1456,0009,7.32,8,2018-4-25,17:00,8,0
1457,0009,32.24,7,2018-4-25,18:00,7,0
1458,0009,4.64,8,2018-4-26,8:00,8,0
1459,0009,6.55,8,2018-4-26,12:00,8,0
1460,0009,8.53,8,2018-4-26,17:00,8,0
1461,0009,52.54,4,2018-4-26,21:00,4,0
1462,0009,5.36,8,2018-4-27,8:00,8,0
1463,0009,4.86,8,2018-4-27,12:00,8,0
1464,0009,9.50,8,2018-4-27,17:00,8,0
1465,0009,3.50,8,2018-4-28,8:00,8,0
1466,0009,7.33,8,2018-4-28,12:00,8,0
1467,0009,8.89,8,2018-4-28,17:00,8,0
1468,0009,32.24,7,2018-4-28,18:00,7,0
1469,0009,3.93,8,2018-4-29,8:00,8,0
1470,0009,4.82,8,2018-4-29,12:00,8,0
1471,0009,10.97,8,2018-4-29,17:00,9,0
1472,0009,4.79,8,2018-4-30,8:00,8,0
1473,0009,4.33,8,2018-4-30,12:00,8,0
1474,0009,10.60,8,2018-4-30,17:00,9,0
1475,0009,2.21,8,2018-5-1,8:00,8,0
1476,0009,9.27,8,2018-5-1,12:00,8,0
1477,0009,8.24,8,2018-5-1,17:00,8,0
1478,0009,32.24,7,2018-5-1,18:00,7,0
1479,0009,52.54,4,2018-5-1,21:00,4,0
1480,0009,4.74,8,2018-5-2,8:00,8,0
1481,0009,7.77,8,2018-5-2,12:00,8,0
1482,0009,7.21,8,2018-5-2,17:00,8,0
1483,0009,2.18,8,2018-5-3,8:00,8,0
1484,0009,7.40,8,2018-5-3,12:00,8,0
1485,0009,10.14,8,2018-5-3,17:00,9,0
1486,0009,629.49,6,2018-5-4,0:00,6,1
1487,0009,2.04,8,2018-5-4,8:00,8,0
1488,0009,5.13,8,2018-5-4,12:00,8,0
1489,0009,12.55,8,2018-5-4,17:00,9,0
1490,0009,32.24,7,2018-5-4,18:00,7,0
1491,0009,2.37,8,2018-5-5,8:00,8,0
1492,0009,9.02,8,2018-5-5,12:00,8,0
1493,0009,8.33,8,2018-5-5,17:00,8,0
1494,0009,3.17,8,2018-5-6,8:00,8,0
1495,0009,8.77,8,2018-5-6,12:00,8,0
1496,0009,7.78,8,2018-5-6,17:00,8,0
1497,0009,52.54,4,2018-5-6,21:00,4,0
1498,0009,2.44,8,2018-5-7,8:00,8,0
1499,0009,4.91,8,2018-5-7,12:00,8,0
1500,0009,12.37,8,2018-5-7,17:00,9,0
1501,0009,32.24,7,2018-5-7,18:00,7,0
1502,0009,492.61,5,2018-5-8,0:00,5,1
1503,0009,1.87,8,2018-5-8,8:00,8,0
1504,0009,8.58,8,2018-5-8,12:00,8,0
1505,0009,9.27,8,2018-5-8,17:00,8,0
1506,0009,3.90,8,2018-5-9,8:00,8,0
1507,0009,4.39,8,2018-5-9,12:00,8,0
1508,0009,11.43,8,2018-5-9,17:00,9,0
1509,0009,4.67,8,2018-5-10,8:00,8,0
1510,0009,5.61,8,2018-5-10,12:00,8,0
1511,0009,9.44,8,2018-5-10,17:00,8,0
1512,0009,32.24,7,2018-5-10,18:00,7,0
1513,0009,311.25,2,2018-5-10,19:00,2,0
1514,0009,330.22,3,2018-5-11,0:00,3,1
1515,0009,4.20,8,2018-5-11,8:00,8,0
1516,0009,5.60,8,2018-5-11,12:00,8,0
1517,0009,9.92,8,2018-5-11,17:00,8,0
1518,0009,52.54,4,2018-5-11,21:00,4,0
1519,0009,3.92,8,2018-5-12,8:00,8,0
1520,0009,5.41,8,2018-5-12,12:00,8,0
1521,0009,10.39,8,2018-5-12,17:00,9,0
1522,0009,3.23,8,2018-5-13,8:00,8,0
1523,0009,8.76,8,2018-5-13,12:00,8,0
1524,0009,7.73,8,2018-5-13,17:00,8,0
1525,0009,32.24,7,2018-5-13,18:00,7,0
1526,0009,4.38,8,2018-5-14,8:00,8,0
1527,0009,6.13,8,2018-5-14,12:00,8,0
1528,0009,9.21,8,2018-5-14,17:00,8,0
1529,0009,4.04,8,2018-5-15,8:00,8,0
1530,0009,7.14,8,2018-5-15,12:00,8,0
1531,0009,8.54,8,2018-5-15,17:00,8,0
1532,0009,3.43,8,2018-5-16,8:00,8,0
1533,0009,6.48,8,2018-5-16,12:00,8,0
1534,0009,9.81,8,2018-5-16,17:00,8,0
1535,0009,32.24,7,2018-5-16,18:00,7,0
1536,0009,52.54,4,2018-5-16,21:00,4,0
1537,0009,3.94,8,2018-5-17,8:00,8,0
1538,0009,7.25,8,2018-5-17,12:00,8,0
1539,0009,8.53,8,2018-5-17,17:00,8,0
1540,0009,1.74,8,2018-5-18,8:00,8,0
1541,0009,5.37,8,2018-5-18,12:00,8,0
1542,0009,12.61,8,2018-5-18,17:00,9,0
1543,0009,4.89,8,2018-5-19,8:00,8,0
1544,0009,6.86,8,2018-5-19,12:00,8,0
1545,0009,7.97,8,2018-5-19,17:00,8,0
1546,0009,32.24,7,2018-5-19,18:00,7,0
1547,0009,2.88,8,2018-5-20,8:00,8,0
1548,0009,7.85,8,2018-5-20,12:00,8,0
1549,0009,8.99,8,2018-5-20,17:00,8,0
1550,0009,2.36,8,2018-5-21,8:00,8,0
1551,0009,8.07,8,2018-5-21,12:00,8,0
1552,0009,9.29,8,2018-5-21,17:00,8,0
1553,0009,52.54,4,2018-5-21,21:00,4,0
1554,0009,2.87,8,2018-5-22,8:00,8,0
1555,0009,4.50,8,2018-5-22,12:00,8,0
1556,0009,12.35,8,2018-5-22,17:00,9,0
1557,0009,32.24,7,2018-5-22,18:00,7,0
1558,0009,4.41,8,2018-5-23,8:00,8,0
1559,0009,5.73,8,2018-5-23,12:00,8,0
1560,0009,9.58,8,2018-5-23,17:00,8,0
1561,0009,3.78,8,2018-5-24,8:00,8,0
1562,0009,7.59,8,2018-5-24,12:00,8,0
1563,0009,8.35,8,2018-5-24,17:00,8,0
1564,0009,4.42,8,2018-5-25,8:00,8,0
1565,0009,4.23,8,2018-5-25,12:00,8,0
1566,0009,11.07,8,2018-5-25,17:00,9,0
1567,0009,32.24,7,2018-5-25,18:00,7,0
1568,0009,4.37,8,2018-5-26,8:00,8,0
1569,0009,7.02,8,2018-5-26,12:00,8,0
1570,0009,8.33,8,2018-5-26,17:00,8,0
1571,0009,52.54,4,2018-5-26,21:00,4,0
1572,0009,3.52,8,2018-5-27,8:00,8,0
1573,0009,9.04,8,2018-5-27,12:00,8,0
1574,0009,7.16,8,2018-5-27,17:00,8,0
1575,0009,5.29,8,2018-5-28,8:00,8,0
1576,0009,4.25,8,2018-5-28,12:00,8,0
1577,0009,10.18,8,2018-5-28,17:00,9,0
1578,0009,32.24,7,2018-5-28,18:00,7,0
1579,0009,4.67,8,2018-5-29,8:00,8,0
1580,0009,6.55,8,2018-5-29,12:00,8,0
1581,0009,8.50,8,2018-5-29,17:00,8,0
1582,0009,2.31,8,2018-5-30,8:00,8,0
1583,0009,7.22,8,2018-5-30,12:00,8,0
1584,0009,10.19,8,2018-5-30,17:00,9,0
1585,0009,3.01,8,2018-5-31,8:00,8,0
1586,0009,6.89,8,2018-5-31,12:00,8,0
1587,0009,9.82,8,2018-5-31,17:00,8,0
1588,0009,32.24,7,2018-5-31,18:00,7,0
1589,0009,52.54,4,2018-5-31,21:00,4,0
1590,0009,4.87,8,2018-6-1,8:00,8,0
1591,0009,7.30,8,2018-6-1,12:00,8,0
1592,0009,7.55,8,2018-6-1,17:00,8,0
1593,0009,32.24,7,2018-6-1,18:00,7,0
1594,0009,52.54,4,2018-6-1,21:00,4,0
1595,0009,2.98,8,2018-6-2,8:00,8,0
1596,0009,5.97,8,2018-6-2,12:00,8,0
1597,0009,10.77,8,2018-6-2,17:00,9,0
1598,0009,4.47,8,2018-6-3,8:00,8,0
1599,0009,8.17,8,2018-6-3,12:00,8,0
1600,0009,7.08,8,2018-6-3,17:00,8,0
1601,0009,629.49,6,2018-6-4,0:00,6,1
1602,0009,4.75,8,2018-6-4,8:00,8,0
1603,0009,5.79,8,2018-6-4,12:00,8,0
1604,0009,9.18,8,2018-6-4,17:00,8,0
1605,0009,32.24,7,2018-6-4,18:00,7,0
1606,0009,2.13,8,2018-6-5,8:00,8,0
1607,0009,4.52,8,2018-6-5,12:00,8,0
1608,0009,13.07,8,2018-6-5,17:00,9,0
1609,0009,4.48,8,2018-6-6,8:00,8,0
1610,0009,5.38,8,2018-6-6,12:00,8,0
1611,0009,9.86,8,2018-6-6,17:00,8,0
1612,0009,52.54,4,2018-6-6,21:00,4,0
1613,0009,3.04,8,2018-6-7,8:00,8,0
1614,0009,5.01,8,2018-6-7,12:00,8,0
1615,0009,11.67,8,2018-6-7,17:00,9,0
1616,0009,32.24,7,2018-6-7,18:00,7,0
1617,0009,492.61,5,2018-6-8,0:00,5,1
1618,0009,2.53,8,2018-6-8,8:00,8,0
1619,0009,7.74,8,2018-6-8,12:00,8,0
1620,0009,9.45,8,2018-6-8,17:00,8,0
1621,0009,2.61,8,2018-6-9,8:00,8,0
1622,0009,9.20,8,2018-6-9,12:00,8,0
1623,0009,7.91,8,2018-6-9,17:00,8,0
1624,0009,4.31,8,2018-6-10,8:00,8,0
1625,0009,7.46,8,2018-6-10,12:00,8,0
1626,0009,7.95,8,2018-6-10,17:00,8,0
1627,0009,32.24,7,2018-6-10,18:00,7,0
1628,0009,311.25,2,2018-6-10,19:00,2,0
1629,0009,330.22,3,2018-6-11,0:00,3,1
1630,0009,3.28,8,2018-6-11,8:00,8,0
1631,0009,7.52,8,2018-6-11,12:00,8,0
1632,0009,8.92,8,2018-6-11,17:00,8,0
1633,0009,52.54,4,2018-6-11,21:00,4,0
1634,0009,4.28,8,2018-6-12,8:00,8,0
1635,0009,4.02,8,2018-6-12,12:00,8,0
1636,0009,11.42,8,2018-6-12,17:00,9,0
1637,0009,4.62,8,2018-6-13,8:00,8,0
1638,0009,6.24,8,2018-6-13,12:00,8,0
1639,0009,8.86,8,2018-6-13,17:00,8,0
1640,0009,32.24,7,2018-6-13,18:00,7,0
1641,0009,2.18,8,2018-6-14,8:00,8,0
1642,0009,7.72,8,2018-6-14,12:00,8,0
1643,0009,9.82,8,2018-6-14,17:00,8,0
1644,0009,3.15,8,2018-6-15,8:00,8,0
1645,0009,6.38,8,2018-6-15,12:00,8,0
1646,0009,10.19,8,2018-6-15,17:00,9,0
1647,0009,4.21,8,2018-6-16,8:00,8,0
1648,0009,8.05,8,2018-6-16,12:00,8,0
1649,0009,7.46,8,2018-6-16,17:00,8,0
1650,0009,32.24,7,2018-6-16,18:00,7,0
1651,0009,52.54,4,2018-6-16,21:00,4,0
1652,0009,2.04,8,2018-6-17,8:00,8,0
1653,0009,6.94,8,2018-6-17,12:00,8,0
1654,0009,10.74,8,2018-6-17,17:00,9,0
1655,0009,4.06,8,2018-6-18,8:00,8,0
1656,0009,6.43,8,2018-6-18,12:00,8,0
1657,0009,9.23,8,2018-6-18,17:00,8,0
1658,0009,4.71,8,2018-6-19,8:00,8,0
1659,0009,7.09,8,2018-6-19,12:00,8,0
1660,0009,7.92,8,2018-6-19,17:00,8,0
1661,0009,32.24,7,2018-6-19,18:00,7,0
1662,0009,4.13,8,2018-6-20,8:00,8,0
1663,0009,7.58,8,2018-6-20,12:00,8,0
1664,0009,8.01,8,2018-6-20,17:00,8,0
1665,0009,3.87,8,2018-6-21,8:00,8,0
1666,0009,6.80,8,2018-6-21,12:00,8,0
1667,0009,9.05,8,2018-6-21,17:00,8,0
1668,0009,52.54,4,2018-6-21,21:00,4,0
1669,0009,4.77,8,2018-6-22,8:00,8,0
1670,0009,6.45,8,2018-6-22,12:00,8,0
1671,0009,8.50,8,2018-6-22,17:00,8,0
1672,0009,32.24,7,2018-6-22,18:00,7,0
1673,0009,2.25,8,2018-6-23,8:00,8,0
1674,0009,4.70,8,2018-6-23,12:00,8,0
1675,0009,12.77,8,2018-6-23,17:00,9,0
1676,0009,3.45,8,2018-6-24,8:00,8,0
1677,0009,6.52,8,2018-6-24,12:00,8,0
1678,0009,9.75,8,2018-6-24,17:00,8,0
1679,0009,4.29,8,2018-6-25,8:00,8,0
1680,0009,6.38,8,2018-6-25,12:00,8,0
1681,0009,9.05,8,2018-6-25,17:00,8,0
1682,0009,32.24,7,2018-6-25,18:00,7,0
1683,0009,4.24,8,2018-6-26,8:00,8,0
1684,0009,7.95,8,2018-6-26,12:00,8,0
1685,0009,7.53,8,2018-6-26,17:00,8,0
1686,0009,52.54,4,2018-6-26,21:00,4,0
1687,0009,1.84,8,2018-6-27,8:00,8,0
1688,0009,9.39,8,2018-6-27,12:00,8,0
1689,0009,8.49,8,2018-6-27,17:00,8,0
1690,0009,2.02,8,2018-6-28,8:00,8,0
1691,0009,7.45,8,2018-6-28,12:00,8,0
1692,0009,10.25,8,2018-6-28,17:00,9,0
1693,0009,32.24,7,2018-6-28,18:00,7,0
1694,0009,4.13,8,2018-6-29,8:00,8,0
1695,0009,6.96,8,2018-6-29,12:00,8,0
1696,0009,8.63,8,2018-6-29,17:00,8,0
1697,0009,4.16,8,2018-6-30,8:00,8,0
1698,0009,4.80,8,2018-6-30,12:00,8,0
1699,0009,10.76,8,2018-6-30,17:00,9,0
1700,0009,3.55,8,2018-7-1,8:00,8,0
1701,0009,5.05,8,2018-7-1,12:00,8,0
1702,0009,11.12,8,2018-7-1,17:00,9,0
1703,0009,32.24,7,2018-7-1,18:00,7,0
1704,0009,52.54,4,2018-7-1,21:00,4,0
1705,0009,4.38,8,2018-7-2,8:00,8,0
1706,0009,5.55,8,2018-7-2,12:00,8,0
1707,0009,9.79,8,2018-7-2,17:00,8,0
1708,0009,1.96,8,2018-7-3,8:00,8,0
1709,0009,8.34,8,2018-7-3,12:00,8,0
1710,0009,9.42,8,2018-7-3,17:00,8,0
1711,0009,629.49,6,2018-7-4,0:00,6,1
1712,0009,3.01,8,2018-7-4,8:00,8,0
1713,0009,6.49,8,2018-7-4,12:00,8,0
1714,0009,10.22,8,2018-7-4,17:00,9,0
1715,0009,32.24,7,2018-7-4,18:00,7,0
1716,0009,4.51,8,2018-7-5,8:00,8,0
1717,0009,5.70,8,2018-7-5,12:00,8,0
1718,0009,9.51,8,2018-7-5,17:00,8,0
1719,0009,2.60,8,2018-7-6,8:00,8,0
1720,0009,4.71,8,2018-7-6,12:00,8,0
1721,0009,12.41,8,2018-7-6,17:00,9,0
1722,0009,52.54,4,2018-7-6,21:00,4,0
1723,0009,3.54,8,2018-7-7,8:00,8,0
1724,0009,5.41,8,2018-7-7,12:00,8,0
1725,0009,10.77,8,2018-7-7,17:00,9,0
1726,0009,32.24,7,2018-7-7,18:00,7,0
1727,0009,492.61,5,2018-7-8,0:00,5,1
1728,0009,4.01,8,2018-7-8,8:00,8,0
1729,0009,7.78,8,2018-7-8,12:00,8,0
1730,0009,7.93,8,2018-7-8,17:00,8,0
1731,0009,1.98,8,2018-7-9,8:00,8,0
1732,0009,6.30,8,2018-7-9,12:00,8,0
1733,0009,11.44,8,2018-7-9,17:00,9,0
1734,0009,4.85,8,2018-7-10,8:00,8,0
1735,0009,3.82,8,2018-7-10,12:00,8,0
1736,0009,11.05,8,2018-7-10,17:00,9,0
1737,0009,32.24,7,2018-7-10,18:00,7,0
1738,0009,311.25,2,2018-7-10,19:00,2,0
1739,0009,330.22,3,2018-7-11,0:00,3,1
1740,0009,2.49,8,2018-7-11,8:00,8,0
1741,0009,7.12,8,2018-7-11,12:00,8,0
1742,0009,10.11,8,2018-7-11,17:00,9,0
1743,0009,52.54,4,2018-7-11,21:00,4,0
1744,0009,4.49,8,2018-7-12,8:00,8,0
1745,0009,7.79,8,2018-7-12,12:00,8,0
1746,0009,7.44,8,2018-7-12,17:00,8,0
1747,0009,2.13,8,2018-7-13,8:00,8,0
1748,0009,6.29,8,2018-7-13,12:00,8,0
1749,0009,11.30,8,2018-7-13,17:00,9,0
1750,0009,32.24,7,2018-7-13,18:00,7,0
1751,0009,4.08,8,2018-7-14,8:00,8,0
1752,0009,7.42,8,2018-7-14,12:00,8,0
1753,0009,8.22,8,2018-7-14,17:00,8,0
1754,0009,3.56,8,2018-7-15,8:00,8,0
1755,0009,8.95,8,2018-7-15,12:00,8,0
1756,0009,7.21,8,2018-7-15,17:00,8,0
1757,0009,4.65,8,2018-7-16,8:00,8,0
1758,0009,5.16,8,2018-7-16,12:00,8,0
1759,0009,9.91,8,2018-7-16,17:00,8,0
1760,0009,32.24,7,2018-7-16,18:00,7,0
1761,0009,52.54,4,2018-7-16,21:00,4,0
1762,0009,4.33,8,2018-7-17,8:00,8,0
1763,0009,7.42,8,2018-7-17,12:00,8,0
1764,0009,7.97,8,2018-7-17,17:00,8,0
1765,0009,4.07,8,2018-7-18,8:00,8,0
1766,0009,5.14,8,2018-7-18,12:00,8,0
1767,0009,10.51,8,2018-7-18,17:00,9,0
1768,0009,3.83,8,2018-7-19,8:00,8,0
1769,0009,6.02,8,2018-7-19,12:00,8,0
1770,0009,9.87,8,2018-7-19,17:00,8,0
1771,0009,32.24,7,2018-7-19,18:00,7,0
1772,0009,2.58,8,2018-7-20,8:00,8,0
1773,0009,7.62,8,2018-7-20,12:00,8,0
1774,0009,9.52,8,2018-7-20,17:00,8,0
1775,0009,2.12,8,2018-7-21,8:00,8,0
1776,0009,5.42,8,2018-7-21,12:00,8,0
1777,0009,12.18,8,2018-7-21,17:00,9,0
1778,0009,52.54,4,2018-7-21,21:00,4,0
1779,0009,1.93,8,2018-7-22,8:00,8,0
1780,0009,8.45,8,2018-7-22,12:00,8,0
1781,0009,9.34,8,2018-7-22,17:00,8,0
1782,0009,32.24,7,2018-7-22,18:00,7,0
1783,0009,4.45,8,2018-7-23,8:00,8,0
1784,0009,5.81,8,2018-7-23,12:00,8,0
1785,0009,9.46,8,2018-7-23,17:00,8,0
1786,0009,2.24,8,2018-7-24,8:00,8,0
1787,0009,6.81,8,2018-7-24,12:00,8,0
1788,0009,10.67,8,2018-7-24,17:00,9,0
1789,0009,3.14,8,2018-7-25,8:00,8,0
1790,0009,6.53,8,2018-7-25,12:00,8,0
1791,0009,10.05,8,2018-7-25,17:00,9,0
1792,0009,32.24,7,2018-7-25,18:00,7,0
1793,0009,3.66,8,2018-7-26,8:00,8,0
1794,0009,5.96,8,2018-7-26,12:00,8,0
1795,0009,10.10,8,2018-7-26,17:00,9,0
1796,0009,52.54,4,2018-7-26,21:00,4,0
1797,0009,2.52,8,2018-7-27,8:00,8,0
1798,0009,5.50,8,2018-7-27,12:00,8,0
1799,0009,11.70,8,2018-7-27,17:00,9,0
1800,0009,2.21,8,2018-7-28,8:00,8,0
1801,0009,8.11,8,2018-7-28,12:00,8,0
1802,0009,9.40,8,2018-7-28,17:00,8,0
1803,0009,32.24,7,2018-7-28,18:00,7,0
1804,0009,3.81,8,2018-7-29,8:00,8,0
1805,0009,5.22,8,2018-7-29,12:00,8,0
1806,0009,10.69,8,2018-7-29,17:00,9,0
1807,0009,4.41,8,2018-7-30,8:00,8,0
1808,0009,6.27,8,2018-7-30,12:00,8,0
1809,0009,9.04,8,2018-7-30,17:00,8,0
1810,0009,3.51,8,2018-7-31,8:00,8,0
1811,0009,6.12,8,2018-7-31,12:00,8,0
1812,0009,10.09,8,2018-7-31,17:00,9,0
1813,0009,32.24,7,2018-7-31,18:00,7,0
1814,0009,52.54,4,2018-7-31,21:00,4,0
1815,0009,3.47,8,2018-8-1,8:00,8,0
1816,0009,8.82,8,2018-8-1,12:00,8,0
1817,0009,7.43,8,2018-8-1,17:00,8,0
1818,0009,32.24,7,2018-8-1,18:00,7,0
1819,0009,52.54,4,2018-8-1,21:00,4,0
1820,0009,2.24,8,2018-8-2,8:00,8,0
1821,0009,5.59,8,2018-8-2,12:00,8,0
1822,0009,11.89,8,2018-8-2,17:00,9,0
1823,0009,1.96,8,2018-8-3,8:00,8,0
1824,0009,9.43,8,2018-8-3,12:00,8,0
1825,0009,8.33,8,2018-8-3,17:00,8,0
1826,0009,629.49,6,2018-8-4,0:00,6,1
1827,0009,1.82,8,2018-8-4,8:00,8,0
1828,0009,5.97,8,2018-8-4,12:00,8,0
1829,0009,11.93,8,2018-8-4,17:00,9,0
1830,0009,32.24,7,2018-8-4,18:00,7,0
1831,0009,2.16,8,2018-8-5,8:00,8,0
1832,0009,8.87,8,2018-8-5,12:00,8,0
1833,0009,8.69,8,2018-8-5,17:00,8,0
1834,0009,2.35,8,2018-8-6,8:00,8,0
1835,0009,4.90,8,2018-8-6,12:00,8,0
1836,0009,12.47,8,2018-8-6,17:00,9,0
1837,0009,52.54,4,2018-8-6,21:00,4,0
1838,0009,3.07,8,2018-8-7,8:00,8,0
1839,0009,8.42,8,2018-8-7,12:00,8,0
1840,0009,8.23,8,2018-8-7,17:00,8,0
1841,0009,32.24,7,2018-8-7,18:00,7,0
1842,0009,492.61,5,2018-8-8,0:00,5,1
1843,0009,4.06,8,2018-8-8,8:00,8,0
1844,0009,7.33,8,2018-8-8,12:00,8,0
1845,0009,8.33,8,2018-8-8,17:00,8,0
1846,0009,5.43,8,2018-8-9,8:00,8,0
1847,0009,7.34,8,2018-8-9,12:00,8,0
1848,0009,6.95,8,2018-8-9,17:00,8,0
1849,0009,1.69,8,2018-8-10,8:00,8,0
1850,0009,5.35,8,2018-8-10,12:00,8,0
1851,0009,12.68,8,2018-8-10,17:00,9,0
1852,0009,32.24,7,2018-8-10,18:00,7,0
1853,0009,311.25,2,2018-8-10,19:00,2,0
1854,0009,330.22,3,2018-8-11,0:00,3,1
1855,0009,2.21,8,2018-8-11,8:00,8,0
1856,0009,7.80,8,2018-8-11,12:00,8,0
1857,0009,9.71,8,2018-8-11,17:00,8,0
1858,0009,52.54,4,2018-8-11,21:00,4,0
1859,0009,5.30,8,2018-8-12,8:00,8,0
1860,0009,4.21,8,2018-8-12,12:00,8,0
1861,0009,10.21,8,2018-8-12,17:00,9,0
1862,0009,4.81,8,2018-8-13,8:00,8,0
1863,0009,5.73,8,2018-8-13,12:00,8,0
1864,0009,9.18,8,2018-8-13,17:00,8,0
1865,0009,32.24,7,2018-8-13,18:00,7,0
1866,0009,2.16,8,2018-8-14,8:00,8,0
1867,0009,6.54,8,2018-8-14,12:00,8,0
1868,0009,11.02,8,2018-8-14,17:00,9,0
1869,0009,1.78,8,2018-8-15,8:00,8,0
1870,0009,8.27,8,2018-8-15,12:00,8,0
1871,0009,9.67,8,2018-8-15,17:00,8,0
1872,0009,4.13,8,2018-8-16,8:00,8,0
1873,0009,6.73,8,2018-8-16,12:00,8,0
1874,0009,8.86,8,2018-8-16,17:00,8,0
1875,0009,32.24,7,2018-8-16,18:00,7,0
1876,0009,52.54,4,2018-8-16,21:00,4,0
1877,0009,3.13,8,2018-8-17,8:00,8,0
1878,0009,8.10,8,2018-8-17,12:00,8,0
1879,0009,8.49,8,2018-8-17,17:00,8,0
1880,0009,5.17,8,2018-8-18,8:00,8,0
1881,0009,5.23,8,2018-8-18,12:00,8,0
1882,0009,9.32,8,2018-8-18,17:00,8,0
1883,0009,2.49,8,2018-8-19,8:00,8,0
1884,0009,4.45,8,2018-8-19,12:00,8,0
1885,0009,12.78,8,2018-8-19,17:00,9,0
1886,0009,32.24,7,2018-8-19,18:00,7,0
1887,0009,1.86,8,2018-8-20,8:00,8,0
1888,0009,9.26,8,2018-8-20,12:00,8,0
1889,0009,8.60,8,2018-8-20,17:00,8,0
1890,0009,2.30,8,2018-8-21,8:00,8,0
1891,0009,8.49,8,2018-8-21,12:00,8,0
1892,0009,8.93,8,2018-8-21,17:00,8,0
1893,0009,52.54,4,2018-8-21,21:00,4,0
1894,0009,3.03,8,2018-8-22,8:00,8,0
1895,0009,7.05,8,2018-8-22,12:00,8,0
1896,0009,9.64,8,2018-8-22,17:00,8,0
1897,0009,32.24,7,2018-8-22,18:00,7,0
1898,0009,3.76,8,2018-8-23,8:00,8,0
1899,0009,6.64,8,2018-8-23,12:00,8,0
1900,0009,9.32,8,2018-8-23,17:00,8,0
1901,0009,2.68,8,2018-8-24,8:00,8,0
1902,0009,6.18,8,2018-8-24,12:00,8,0
1903,0009,10.86,8,2018-8-24,17:00,9,0
1904,0009,4.90,8,2018-8-25,8:00,8,0
1905,0009,6.63,8,2018-8-25,12:00,8,0
1906,0009,8.19,8,2018-8-25,17:00,8,0
1907,0009,32.24,7,2018-8-25,18:00,7,0
1908,0009,2.73,8,2018-8-26,8:00,8,0
1909,0009,5.10,8,2018-8-26,12:00,8,0
1910,0009,11.89,8,2018-8-26,17:00,9,0
1911,0009,52.54,4,2018-8-26,21:00,4,0
1912,0009,3.23,8,2018-8-27,8:00,8,0
1913,0009,7.07,8,2018-8-27,12:00,8,0
1914,0009,9.42,8,2018-8-27,17:00,8,0
1915,0009,2.66,8,2018-8-28,8:00,8,0
1916,0009,7.24,8,2018-8-28,12:00,8,0
1917,0009,9.82,8,2018-8-28,17:00,8,0
1918,0009,32.24,7,2018-8-28,18:00,7,0
1919,0009,3.45,8,2018-8-29,8:00,8,0
1920,0009,7.37,8,2018-8-29,12:00,8,0
1921,0009,8.90,8,2018-8-29,17:00,8,0
1922,0009,3.64,8,2018-8-30,8:00,8,0
1923,0009,5.91,8,2018-8-30,12:00,8,0
1924,0009,10.17,8,2018-8-30,17:00,9,0
1925,0009,4.57,8,2018-8-31,8:00,8,0
1926,0009,6.21,8,2018-8-31,12:00,8,0
1927,0009,8.94,8,2018-8-31,17:00,8,0
1928,0009,32.24,7,2018-8-31,18:00,7,0
1929,0009,52.54,4,2018-8-31,21:00,4,0
1930,0009,4.60,8,2018-9-1,8:00,8,0
1931,0009,5.32,8,2018-9-1,12:00,8,0
1932,0009,9.80,8,2018-9-1,17:00,8,0
1933,0009,32.24,7,2018-9-1,18:00,7,0
1934,0009,52.54,4,2018-9-1,21:00,4,0
1935,0009,4.59,8,2018-9-2,8:00,8,0
1936,0009,6.01,8,2018-9-2,12:00,8,0
1937,0009,9.12,8,2018-9-2,17:00,8,0
1938,0009,4.11,8,2018-9-3,8:00,8,0
1939,0009,6.97,8,2018-9-3,12:00,8,0
1940,0009,8.64,8,2018-9-3,17:00,8,0
1941,0009,629.49,6,2018-9-4,0:00,6,1
1942,0009,4.81,8,2018-9-4,8:00,8,0
1943,0009,5.60,8,2018-9-4,12:00,8,0
1944,0009,9.31,8,2018-9-4,17:00,8,0
1945,0009,32.24,7,2018-9-4,18:00,7,0
1946,0009,4.26,8,2018-9-5,8:00,8,0
1947,0009,4.11,8,2018-9-5,12:00,8,0
1948,0009,11.35,8,2018-9-5,17:00,9,0
1949,0009,4.19,8,2018-9-6,8:00,8,0
1950,0009,7.89,8,2018-9-6,12:00,8,0
1951,0009,7.64,8,2018-9-6,17:00,8,0
1952,0009,52.54,4,2018-9-6,21:00,4,0
1953,0009,3.47,8,2018-9-7,8:00,8,0
1954,0009,7.24,8,2018-9-7,12:00,8,0
1955,0009,9.01,8,2018-9-7,17:00,8,0
1956,0009,32.24,7,2018-9-7,18:00,7,0
1957,0009,492.61,5,2018-9-8,0:00,5,1
1958,0009,3.90,8,2018-9-8,8:00,8,0
1959,0009,6.67,8,2018-9-8,12:00,8,0
1960,0009,9.15,8,2018-9-8,17:00,8,0
1961,0009,4.87,8,2018-9-9,8:00,8,0
1962,0009,5.00,8,2018-9-9,12:00,8,0
1963,0009,9.85,8,2018-9-9,17:00,8,0
1964,0009,3.67,8,2018-9-10,8:00,8,0
1965,0009,8.01,8,2018-9-10,12:00,8,0
1966,0009,8.04,8,2018-9-10,17:00,8,0
1967,0009,32.24,7,2018-9-10,18:00,7,0
1968,0009,311.25,2,2018-9-10,19:00,2,0
1969,0009,330.22,3,2018-9-11,0:00,3,1
1970,0009,4.18,8,2018-9-11,8:00,8,0
1971,0009,4.90,8,2018-9-11,12:00,8,0
1972,0009,10.64,8,2018-9-11,17:00,9,0
1973,0009,52.54,4,2018-9-11,21:00,4,0
1974,0009,2.67,8,2018-9-12,8:00,8,0
1975,0009,9.52,8,2018-9-12,12:00,8,0
1976,0009,7.53,8,2018-9-12,17:00,8,0
1977,0009,3.31,8,2018-9-13,8:00,8,0
1978,0009,5.52,8,2018-9-13,12:00,8,0
1979,0009,10.89,8,2018-9-13,17:00,9,0
1980,0009,32.24,7,2018-9-13,18:00,7,0
1981,0009,1.95,8,2018-9-14,8:00,8,0
1982,0009,7.59,8,2018-9-14,12:00,8,0
1983,0009,10.18,8,2018-9-14,17:00,9,0
1984,0009,3.51,8,2018-9-15,8:00,8,0
1985,0009,5.48,8,2018-9-15,12:00,8,0
1986,0009,10.73,8,2018-9-15,17:00,9,0
1987,0009,4.44,8,2018-9-16,8:00,8,0
1988,0009,7.88,8,2018-9-16,12:00,8,0
1989,0009,7.40,8,2018-9-16,17:00,8,0
1990,0009,32.24,7,2018-9-16,18:00,7,0
1991,0009,52.54,4,2018-9-16,21:00,4,0
1992,0009,1.62,8,2018-9-17,8:00,8,0
1993,0009,9.61,8,2018-9-17,12:00,8,0
1994,0009,8.49,8,2018-9-17,17:00,8,0
1995,0009,2.87,8,2018-9-18,8:00,8,0
1996,0009,8.03,8,2018-9-18,12:00,8,0
1997,0009,8.82,8,2018-9-18,17:00,8,0
1998,0009,2.54,8,2018-9-19,8:00,8,0
1999,0009,8.46,8,2018-9-19,12:00,8,0
2000,0009,8.72,8,2018-9-19,17:00,8,0
2001,0009,32.24,7,2018-9-19,18:00,7,0
2002,0009,3.43,8,2018-9-20,8:00,8,0
2003,0009,4.15,8,2018-9-20,12:00,8,0
2004,0009,12.14,8,2018-9-20,17:00,9,0
2005,0009,4.25,8,2018-9-21,8:00,8,0
2006,0009,5.58,8,2018-9-21,12:00,8,0
2007,0009,9.89,8,2018-9-21,17:00,8,0
2008,0009,52.54,4,2018-9-21,21:00,4,0
2009,0009,3.87,8,2018-9-22,8:00,8,0
2010,0009,6.00,8,2018-9-22,12:00,8,0
2011,0009,9.85,8,2018-9-22,17:00,8,0
2012,0009,32.24,7,2018-9-22,18:00,7,0
2013,0009,4.05,8,2018-9-23,8:00,8,0
2014,0009,4.31,8,2018-9-23,12:00,8,0
2015,0009,11.36,8,2018-9-23,17:00,9,0
2016,0009,4.41,8,2018-9-24,8:00,8,0
2017,0009,7.95,8,2018-9-24,12:00,8,0
2018,0009,7.36,8,2018-9-24,17:00,8,0
2019,0009,2.39,8,2018-9-25,8:00,8,0
2020,0009,8.05,8,2018-9-25,12:00,8,0
2021,0009,9.28,8,2018-9-25,17:00,8,0
2022,0009,32.24,7,2018-9-25,18:00,7,0
2023,0009,4.64,8,2018-9-26,8:00,8,0
2024,0009,5.49,8,2018-9-26,12:00,8,0
2025,0009,9.59,8,2018-9-26,17:00,8,0
2026,0009,52.54,4,2018-9-26,21:00,4,0
2027,0009,3.50,8,2018-9-27,8:00,8,0
2028,0009,6.25,8,2018-9-27,12:00,8,0
2029,0009,9.97,8,2018-9-27,17:00,8,0
2030,0009,4.66,8,2018-9-28,8:00,8,0
2031,0009,4.91,8,2018-9-28,12:00,8,0
2032,0009,10.15,8,2018-9-28,17:00,9,0
2033,0009,32.24,7,2018-9-28,18:00,7,0
2034,0009,2.12,8,2018-9-29,8:00,8,0
2035,0009,8.74,8,2018-9-29,12:00,8,0
2036,0009,8.86,8,2018-9-29,17:00,8,0
2037,0009,3.99,8,2018-9-30,8:00,8,0
2038,0009,7.43,8,2018-9-30,12:00,8,0
2039,0009,8.30,8,2018-9-30,17:00,8,0
2040,0009,1.84,8,2018-10-1,8:00,8,0
2041,0009,7.35,8,2018-10-1,12:00,8,0
2042,0009,10.53,8,2018-10-1,17:00,9,0
2043,0009,32.24,7,2018-10-1,18:00,7,0
2044,0009,52.54,4,2018-10-1,21:00,4,0
2045,0009,2.78,8,2018-10-2,8:00,8,0
2046,0009,4.52,8,2018-10-2,12:00,8,0
2047,0009,12.42,8,2018-10-2,17:00,9,0
2048,0009,4.11,8,2018-10-3,8:00,8,0
2049,0009,4.21,8,2018-10-3,12:00,8,0
2050,0009,11.40,8,2018-10-3,17:00,9,0
2051,0009,629.49,6,2018-10-4,0:00,6,1
2052,0009,2.81,8,2018-10-4,8:00,8,0
2053,0009,8.75,8,2018-10-4,12:00,8,0
2054,0009,8.16,8,2018-10-4,17:00,8,0
2055,0009,32.24,7,2018-10-4,18:00,7,0
2056,0009,4.64,8,2018-10-5,8:00,8,0
2057,0009,6.74,8,2018-10-5,12:00,8,0
2058,0009,8.34,8,2018-10-5,17:00,8,0
2059,0009,4.05,8,2018-10-6,8:00,8,0
2060,0009,5.42,8,2018-10-6,12:00,8,0
2061,0009,10.25,8,2018-10-6,17:00,9,0
2062,0009,52.54,4,2018-10-6,21:00,4,0
2063,0009,3.35,8,2018-10-7,8:00,8,0
2064,0009,8.53,8,2018-10-7,12:00,8,0
2065,0009,7.84,8,2018-10-7,17:00,8,0
2066,0009,32.24,7,2018-10-7,18:00,7,0
2067,0009,492.61,5,2018-10-8,0:00,5,1
2068,0009,5.44,8,2018-10-8,8:00,8,0
2069,0009,6.10,8,2018-10-8,12:00,8,0
2070,0009,8.18,8,2018-10-8,17:00,8,0
2071,0009,3.97,8,2018-10-9,8:00,8,0
2072,0009,5.86,8,2018-10-9,12:00,8,0
2073,0009,9.89,8,2018-10-9,17:00,8,0
2074,0009,3.44,8,2018-10-10,8:00,8,0
2075,0009,5.37,8,2018-10-10,12:00,8,0
2076,0009,10.91,8,2018-10-10,17:00,9,0
2077,0009,32.24,7,2018-10-10,18:00,7,0
2078,0009,311.25,2,2018-10-10,19:00,2,0
2079,0009,330.22,3,2018-10-11,0:00,3,1
2080,0009,2.94,8,2018-10-11,8:00,8,0
2081,0009,6.73,8,2018-10-11,12:00,8,0
2082,0009,10.05,8,2018-10-11,17:00,9,0
2083,0009,52.54,4,2018-10-11,21:00,4,0
2084,0009,4.25,8,2018-10-12,8:00,8,0
2085,0009,8.29,8,2018-10-12,12:00,8,0
2086,0009,7.18,8,2018-10-12,17:00,8,0
2087,0009,5.14,8,2018-10-13,8:00,8,0
2088,0009,5.66,8,2018-10-13,12:00,8,0
2089,0009,8.92,8,2018-10-13,17:00,8,0
2090,0009,32.24,7,2018-10-13,18:00,7,0
2091,0009,3.99,8,2018-10-14,8:00,8,0
2092,0009,5.24,8,2018-10-14,12:00,8,0
2093,0009,10.49,8,2018-10-14,17:00,9,0
2094,0009,4.89,8,2018-10-15,8:00,8,0
2095,0009,6.24,8,2018-10-15,12:00,8,0
2096,0009,8.59,8,2018-10-15,17:00,8,0
2097,0009,3.73,8,2018-10-16,8:00,8,0
2098,0009,6.80,8,2018-10-16,12:00,8,0
2099,0009,9.19,8,2018-10-16,17:00,8,0
2100,0009,32.24,7,2018-10-16,18:00,7,0
2101,0009,52.54,4,2018-10-16,21:00,4,0
2102,0009,4.40,8,2018-10-17,8:00,8,0
2103,0009,6.46,8,2018-10-17,12:00,8,0
2104,0009,8.86,8,2018-10-17,17:00,8,0
2105,0009,4.64,8,2018-10-18,8:00,8,0
2106,0009,5.52,8,2018-10-18,12:00,8,0
2107,0009,9.56,8,2018-10-18,17:00,8,0
2108,0009,2.52,8,2018-10-19,8:00,8,0
2109,0009,8.37,8,2018-10-19,12:00,8,0
2110,0009,8.83,8,2018-10-19,17:00,8,0
2111,0009,32.24,7,2018-10-19,18:00,7,0
2112,0009,3.27,8,2018-10-20,8:00,8,0
2113,0009,6.77,8,2018-10-20,12:00,8,0
2114,0009,9.68,8,2018-10-20,17:00,8,0
2115,0009,2.15,8,2018-10-21,8:00,8,0
2116,0009,5.51,8,2018-10-21,12:00,8,0
2117,0009,12.06,8,2018-10-21,17:00,9,0
2118,0009,52.54,4,2018-10-21,21:00,4,0
2119,0009,3.12,8,2018-10-22,8:00,8,0
2120,0009,9.22,8,2018-10-22,12:00,8,0
2121,0009,7.38,8,2018-10-22,17:00,8,0
2122,0009,32.24,7,2018-10-22,18:00,7,0
2123,0009,2.21,8,2018-10-23,8:00,8,0
2124,0009,7.32,8,2018-10-23,12:00,8,0
2125,0009,10.19,8,2018-10-23,17:00,9,0
2126,0009,2.28,8,2018-10-24,8:00,8,0
2127,0009,8.68,8,2018-10-24,12:00,8,0
2128,0009,8.76,8,2018-10-24,17:00,8,0
2129,0009,3.27,8,2018-10-25,8:00,8,0
2130,0009,5.88,8,2018-10-25,12:00,8,0
2131,0009,10.57,8,2018-10-25,17:00,9,0
2132,0009,32.24,7,2018-10-25,18:00,7,0
2133,0009,4.31,8,2018-10-26,8:00,8,0
2134,0009,3.99,8,2018-10-26,12:00,8,0
2135,0009,11.42,8,2018-10-26,17:00,9,0
2136,0009,52.54,4,2018-10-26,21:00,4,0
2137,0009,2.48,8,2018-10-27,8:00,8,0
2138,0009,7.84,8,2018-10-27,12:00,8,0
2139,0009,9.40,8,2018-10-27,17:00,8,0
2140,0009,3.66,8,2018-10-28,8:00,8,0
2141,0009,5.61,8,2018-10-28,12:00,8,0
2142,0009,10.45,8,2018-10-28,17:00,9,0
2143,0009,32.24,7,2018-10-28,18:00,7,0
2144,0009,4.74,8,2018-10-29,8:00,8,0
2145,0009,4.98,8,2018-10-29,12:00,8,0
2146,0009,10.00,8,2018-10-29,17:00,8,0
2147,0009,2.39,8,2018-10-30,8:00,8,0
2148,0009,5.07,8,2018-10-30,12:00,8,0
2149,0009,12.26,8,2018-10-30,17:00,9,0
2150,0009,3.78,8,2018-10-31,8:00,8,0
2151,0009,7.09,8,2018-10-31,12:00,8,0
2152,0009,8.85,8,2018-10-31,17:00,8,0
2153,0009,32.24,7,2018-10-31,18:00,7,0
2154,0009,52.54,4,2018-10-31,21:00,4,0
2155,0009,3.96,8,2018-11-1,8:00,8,0
2156,0009,6.91,8,2018-11-1,12:00,8,0
2157,0009,8.85,8,2018-11-1,17:00,8,0
2158,0009,32.24,7,2018-11-1,18:00,7,0
2159,0009,52.54,4,2018-11-1,21:00,4,0
2160,0009,2.38,8,2018-11-2,8:00,8,0
2161,0009,5.69,8,2018-11-2,12:00,8,0
2162,0009,11.65,8,2018-11-2,17:00,9,0
2163,0009,3.25,8,2018-11-3,8:00,8,0
2164,0009,7.73,8,2018-11-3,12:00,8,0
2165,0009,8.74,8,2018-11-3,17:00,8,0
2166,0009,629.49,6,2018-11-4,0:00,6,1
2167,0009,4.38,8,2018-11-4,8:00,8,0
2168,0009,4.95,8,2018-11-4,12:00,8,0
2169,0009,10.39,8,2018-11-4,17:00,9,0
2170,0009,32.24,7,2018-11-4,18:00,7,0
2171,0009,2.64,8,2018-11-5,8:00,8,0
2172,0009,7.49,8,2018-11-5,12:00,8,0
2173,0009,9.59,8,2018-11-5,17:00,8,0
2174,0009,2.29,8,2018-11-6,8:00,8,0
2175,0009,6.35,8,2018-11-6,12:00,8,0
2176,0009,11.08,8,2018-11-6,17:00,9,0
2177,0009,52.54,4,2018-11-6,21:00,4,0
2178,0009,2.17,8,2018-11-7,8:00,8,0
2179,0009,4.78,8,2018-11-7,12:00,8,0
2180,0009,12.77,8,2018-11-7,17:00,9,0
2181,0009,32.24,7,2018-11-7,18:00,7,0
2182,0009,492.61,5,2018-11-8,0:00,5,1
2183,0009,2.93,8,2018-11-8,8:00,8,0
2184,0009,4.43,8,2018-11-8,12:00,8,0
2185,0009,12.36,8,2018-11-8,17:00,9,0
2186,0009,3.56,8,2018-11-9,8:00,8,0
2187,0009,5.01,8,2018-11-9,12:00,8,0
2188,0009,11.15,8,2018-11-9,17:00,9,0
2189,0009,4.03,8,2018-11-10,8:00,8,0
2190,0009,4.56,8,2018-11-10,12:00,8,0
2191,0009,11.13,8,2018-11-10,17:00,9,0
2192,0009,32.24,7,2018-11-10,18:00,7,0
2193,0009,311.25,2,2018-11-10,19:00,2,0
2194,0009,330.22,3,2018-11-11,0:00,3,1
2195,0009,3.22,8,2018-11-11,8:00,8,0
2196,0009,8.04,8,2018-11-11,12:00,8,0
2197,0009,8.46,8,2018-11-11,17:00,8,0
2198,0009,52.54,4,2018-11-11,21:00,4,0
2199,0009,1.84,8,2018-11-12,8:00,8,0
2200,0009,5.21,8,2018-11-12,12:00,8,0
2201,0009,12.67,8,2018-11-12,17:00,9,0
2202,0009,4.50,8,2018-11-13,8:00,8,0
2203,0009,4.54,8,2018-11-13,12:00,8,0
2204,0009,10.68,8,2018-11-13,17:00,9,0
2205,0009,32.24,7,2018-11-13,18:00,7,0
2206,0009,4.65,8,2018-11-14,8:00,8,0
2207,0009,5.30,8,2018-11-14,12:00,8,0
2208,0009,9.77,8,2018-11-14,17:00,8,0
2209,0009,4.30,8,2018-11-15,8:00,8,0
2210,0009,4.71,8,2018-11-15,12:00,8,0
2211,0009,10.71,8,2018-11-15,17:00,9,0
2212,0009,3.57,8,2018-11-16,8:00,8,0
2213,0009,8.29,8,2018-11-16,12:00,8,0
2214,0009,7.86,8,2018-11-16,17:00,8,0
2215,0009,32.24,7,2018-11-16,18:00,7,0
2216,0009,52.54,4,2018-11-16,21:00,4,0
2217,0009,3.03,8,2018-11-17,8:00,8,0
2218,0009,7.26,8,2018-11-17,12:00,8,0
2219,0009,9.43,8,2018-11-17,17:00,8,0
2220,0009,1.92,8,2018-11-18,8:00,8,0
2221,0009,7.91,8,2018-11-18,12:00,8,0
2222,0009,9.89,8,2018-11-18,17:00,8,0
2223,0009,2.93,8,2018-11-19,8:00,8,0
2224,0009,8.06,8,2018-11-19,12:00,8,0
2225,0009,8.73,8,2018-11-19,17:00,8,0
2226,0009,32.24,7,2018-11-19,18:00,7,0
2227,0009,3.93,8,2018-11-20,8:00,8,0
2228,0009,6.65,8,2018-11-20,12:00,8,0
2229,0009,9.14,8,2018-11-20,17:00,8,0
2230,0009,5.22,8,2018-11-21,8:00,8,0
2231,0009,7.35,8,2018-11-21,12:00,8,0
2232,0009,7.15,8,2018-11-21,17:00,8,0
2233,0009,52.54,4,2018-11-21,21:00,4,0
2234,0009,2.87,8,2018-11-22,8:00,8,0
2235,0009,7.57,8,2018-11-22,12:00,8,0
2236,0009,9.28,8,2018-11-22,17:00,8,0
2237,0009,32.24,7,2018-11-22,18:00,7,0
2238,0009,4.19,8,2018-11-23,8:00,8,0
2239,0009,7.05,8,2018-11-23,12:00,8,0
2240,0009,8.48,8,2018-11-23,17:00,8,0
2241,0009,4.60,8,2018-11-24,8:00,8,0
2242,0009,6.49,8,2018-11-24,12:00,8,0
2243,0009,8.63,8,2018-11-24,17:00,8,0
2244,0009,5.29,8,2018-11-25,8:00,8,0
2245,0009,6.24,8,2018-11-25,12:00,8,0
2246,0009,8.19,8,2018-11-25,17:00,8,0
2247,0009,32.24,7,2018-11-25,18:00,7,0
2248,0009,4.83,8,2018-11-26,8:00,8,0
2249,0009,6.77,8,2018-11-26,12:00,8,0
2250,0009,8.12,8,2018-11-26,17:00,8,0
2251,0009,52.54,4,2018-11-26,21:00,4,0
2252,0009,3.83,8,2018-11-27,8:00,8,0
2253,0009,4.02,8,2018-11-27,12:00,8,0
2254,0009,11.87,8,2018-11-27,17:00,9,0
2255,0009,2.28,8,2018-11-28,8:00,8,0
2256,0009,8.56,8,2018-11-28,12:00,8,0
2257,0009,8.88,8,2018-11-28,17:00,8,0
2258,0009,32.24,7,2018-11-28,18:00,7,0
2259,0009,3.04,8,2018-11-29,8:00,8,0
2260,0009,6.20,8,2018-11-29,12:00,8,0
2261,0009,10.48,8,2018-11-29,17:00,9,0
2262,0009,4.40,8,2018-11-30,8:00,8,0
2263,0009,6.87,8,2018-11-30,12:00,8,0
2264,0009,8.45,8,2018-11-30,17:00,8,0
2265,0009,3.04,8,2018-12-1,8:00,8,0
2266,0009,5.98,8,2018-12-1,12:00,8,0
2267,0009,10.70,8,2018-12-1,17:00,9,0
2268,0009,32.24,7,2018-12-1,18:00,7,0
2269,0009,52.54,4,2018-12-1,21:00,4,0
2270,0009,3.02,8,2018-12-2,8:00,8,0
2271,0009,6.58,8,2018-12-2,12:00,8,0
2272,0009,10.12,8,2018-12-2,17:00,9,0
2273,0009,1.79,8,2018-12-3,8:00,8,0
2274,0009,6.75,8,2018-12-3,12:00,8,0
2275,0009,11.18,8,2018-12-3,17:00,9,0
2276,0009,629.49,6,2018-12-4,0:00,6,1
2277,0009,3.55,8,2018-12-4,8:00,8,0
2278,0009,6.01,8,2018-12-4,12:00,8,0
2279,0009,10.16,8,2018-12-4,17:00,9,0
2280,0009,32.24,7,2018-12-4,18:00,7,0
2281,0009,4.99,8,2018-12-5,8:00,8,0
2282,0009,4.01,8,2018-12-5,12:00,8,0
2283,0009,10.72,8,2018-12-5,17:00,9,0
2284,0009,2.00,8,2018-12-6,8:00,8,0
2285,0009,4.70,8,2018-12-6,12:00,8,0
2286,0009,13.02,8,2018-12-6,17:00,9,0
2287,0009,52.54,4,2018-12-6,21:00,4,0
2288,0009,4.97,8,2018-12-7,8:00,8,0
2289,0009,4.64,8,2018-12-7,12:00,8,0
2290,0009,10.11,8,2018-12-7,17:00,9,0
2291,0009,32.24,7,2018-12-7,18:00,7,0
2292,0009,492.61,5,2018-12-8,0:00,5,1
2293,0009,4.35,8,2018-12-8,8:00,8,0
2294,0009,6.71,8,2018-12-8,12:00,8,0
2295,0009,8.66,8,2018-12-8,17:00,8,0
2296,0009,2.34,8,2018-12-9,8:00,8,0
2297,0009,9.21,8,2018-12-9,12:00,8,0
2298,0009,8.17,8,2018-12-9,17:00,8,0
2299,0009,4.21,8,2018-12-10,8:00,8,0
2300,0009,5.45,8,2018-12-10,12:00,8,0
2301,0009,10.06,8,2018-12-10,17:00,9,0
2302,0009,32.24,7,2018-12-10,18:00,7,0
2303,0009,311.25,2,2018-12-10,19:00,2,0
2304,0009,330.22,3,2018-12-11,0:00,3,1
2305,0009,3.06,8,2018-12-11,8:00,8,0
2306,0009,4.56,8,2018-12-11,12:00,8,0
2307,0009,12.10,8,2018-12-11,17:00,9,0
2308,0009,52.54,4,2018-12-11,21:00,4,0
2309,0009,4.74,8,2018-12-12,8:00,8,0
2310,0009,6.64,8,2018-12-12,12:00,8,0
2311,0009,8.34,8,2018-12-12,17:00,8,0
2312,0009,3.21,8,2018-12-13,8:00,8,0
2313,0009,8.70,8,2018-12-13,12:00,8,0
2314,0009,7.81,8,2018-12-13,17:00,8,0
2315,0009,32.24,7,2018-12-13,18:00,7,0
2316,0009,4.70,8,2018-12-14,8:00,8,0
2317,0009,6.75,8,2018-12-14,12:00,8,0
2318,0009,8.27,8,2018-12-14,17:00,8,0
2319,0009,3.94,8,2018-12-15,8:00,8,0
2320,0009,5.08,8,2018-12-15,12:00,8,0
2321,0009,10.70,8,2018-12-15,17:00,9,0
2322,0009,3.69,8,2018-12-16,8:00,8,0
2323,0009,6.13,8,2018-12-16,12:00,8,0
2324,0009,9.90,8,2018-12-16,17:00,8,0
2325,0009,32.24,7,2018-12-16,18:00,7,0
2326,0009,52.54,4,2018-12-16,21:00,4,0
2327,0009,5.04,8,2018-12-17,8:00,8,0
2328,0009,7.84,8,2018-12-17,12:00,8,0
2329,0009,6.84,8,2018-12-17,17:00,8,0
2330,0009,4.50,8,2018-12-18,8:00,8,0
2331,0009,8.20,8,2018-12-18,12:00,8,0
2332,0009,7.02,8,2018-12-18,17:00,8,0
2333,0009,5.28,8,2018-12-19,8:00,8,0
2334,0009,6.28,8,2018-12-19,12:00,8,0
2335,0009,8.16,8,2018-12-19,17:00,8,0
2336,0009,32.24,7,2018-12-19,18:00,7,0
2337,0009,2.31,8,2018-12-20,8:00,8,0
2338,0009,6.07,8,2018-12-20,12:00,8,0
2339,0009,11.34,8,2018-12-20,17:00,9,0
2340,0009,5.18,8,2018-12-21,8:00,8,0
2341,0009,5.32,8,2018-12-21,12:00,8,0
2342,0009,9.22,8,2018-12-21,17:00,8,0
2343,0009,52.54,4,2018-12-21,21:00,4,0
2344,0009,3.32,8,2018-12-22,8:00,8,0
2345,0009,7.94,8,2018-12-22,12:00,8,0
2346,0009,8.46,8,2018-12-22,17:00,8,0
2347,0009,32.24,7,2018-12-22,18:00,7,0
2348,0009,2.43,8,2018-12-23,8:00,8,0
2349,0009,7.26,8,2018-12-23,12:00,8,0
2350,0009,10.03,8,2018-12-23,17:00,9,0
2351,0009,2.19,8,2018-12-24,8:00,8,0
2352,0009,6.52,8,2018-12-24,12:00,8,0
2353,0009,11.01,8,2018-12-24,17:00,9,0
2354,0009,4.32,8,2018-12-25,8:00,8,0
2355,0009,7.69,8,2018-12-25,12:00,8,0
2356,0009,7.71,8,2018-12-25,17:00,8,0
2357,0009,32.24,7,2018-12-25,18:00,7,0
2358,0009,2.41,8,2018-12-26,8:00,8,0
2359,0009,7.49,8,2018-12-26,12:00,8,0
2360,0009,9.82,8,2018-12-26,17:00,8,0
2361,0009,52.54,4,2018-12-26,21:00,4,0
2362,0009,2.13,8,2018-12-27,8:00,8,0
2363,0009,8.08,8,2018-12-27,12:00,8,0
2364,0009,9.51,8,2018-12-27,17:00,8,0
2365,0009,2.33,8,2018-12-28,8:00,8,0
2366,0009,5.80,8,2018-12-28,12:00,8,0
2367,0009,11.59,8,2018-12-28,17:00,9,0
2368,0009,32.24,7,2018-12-28,18:00,7,0
2369,0009,3.50,8,2018-12-29,8:00,8,0
2370,0009,7.37,8,2018-12-29,12:00,8,0
2371,0009,8.85,8,2018-12-29,17:00,8,0
2372,0009,1.94,8,2018-12-30,8:00,8,0
2373,0009,5.80,8,2018-12-30,12:00,8,0
2374,0009,11.98,8,2018-12-30,17:00,9,0
2375,0009,3.92,8,2018-12-31,8:00,8,0
2376,0009,4.54,8,2018-12-31,12:00,8,0
2377,0009,11.26,8,2018-12-31,17:00,9,0
2378,0009,32.24,7,2018-12-31,18:00,7,0
2379,0009,52.54,4,2018-12-31,21:00,4,0
